{"water": 46.78921985626221, "growth": 0.31210780143737793, "alive": true, "critical_since": null, "last_timestamp": 1747770732.4052434}