{"water": 48.79021906852722, "growth": 0.18128644943237307, "alive": true, "critical_since": 1747770727.3702462, "last_timestamp": 1747770732.4052434}